{
	"song": {
		"player1": "bf",
		"events": [],
		"gfVersion": "gf",
		"notes": [
			{
				"sectionNotes": [
					[
						251.396637,
						1,
						0
					],
					[
						251.396637,
						3,
						0
					],
					[
						502.793274,
						0,
						0
					],
					[
						502.793274,
						2,
						0
					],
					[
						837.988831,
						3,
						0
					],
					[
						837.988831,
						1,
						0
					],
					[
						1134.77649,
						3,
						418.994415
					],
					[
						1134.77649,
						0,
						418.994415
					]
				],
				"lengthInSteps": 16,
				"mustHitSection": true
			},
			{
				"sectionNotes": [
					[
						1958.79883,
						0,
						0
					],
					[
						1958.79883,
						3,
						0
					],
					[
						1958.79883,
						2,
						0
					],
					[
						1958.79883,
						1,
						0
					],
					[
						2178.771,
						0,
						0
					],
					[
						2178.771,
						2,
						0
					],
					[
						2430.16748,
						0,
						0
					],
					[
						2430.16748,
						1,
						0
					],
					[
						2430.16748,
						2,
						0
					]
				],
				"lengthInSteps": 16,
				"mustHitSection": true
			},
			{
				"sectionNotes": [
					[
						2681.56421,
						3,
						0
					],
					[
						2681.56421,
						2,
						0
					],
					[
						2681.56421,
						1,
						0
					],
					[
						2681.56421,
						0,
						0
					],
					[
						2849.16187,
						0,
						0
					],
					[
						2932.961,
						1,
						0
					],
					[
						3016.75977,
						0,
						0
					],
					[
						3100.55859,
						1,
						0
					],
					[
						3184.35742,
						0,
						0
					],
					[
						3268.15649,
						1,
						0
					],
					[
						3351.95532,
						0,
						0
					],
					[
						3435.75415,
						1,
						0
					],
					[
						3519.553,
						0,
						0
					],
					[
						3603.35181,
						1,
						0
					],
					[
						3687.151,
						0,
						0
					],
					[
						3770.94971,
						1,
						0
					],
					[
						3854.74854,
						0,
						0
					],
					[
						3938.54736,
						3,
						0
					],
					[
						3938.54736,
						1,
						0
					]
				],
				"lengthInSteps": 16,
				"mustHitSection": true
			},
			{
				"sectionNotes": [
					[
						4148.04443,
						2,
						0
					],
					[
						4148.04443,
						0,
						0
					],
					[
						4608.93848,
						3,
						0
					],
					[
						4608.93848,
						0,
						0
					],
					[
						4825.419,
						0,
						0
					],
					[
						4832.40234,
						1,
						0
					],
					[
						4835.89355,
						2,
						0
					],
					[
						5111.732,
						0,
						0
					],
					[
						5279.32959,
						0,
						0
					]
				],
				"lengthInSteps": 16,
				"mustHitSection": true
			},
			{
				"sectionNotes": [
					[
						5363.12842,
						1,
						0
					],
					[
						5446.92725,
						0,
						0
					],
					[
						5530.726,
						1,
						0
					],
					[
						5614.525,
						0,
						0
					],
					[
						5698.32373,
						1,
						0
					],
					[
						5782.123,
						0,
						0
					],
					[
						5865.922,
						1,
						0
					],
					[
						5949.7207,
						0,
						0
					],
					[
						6033.51953,
						1,
						0
					],
					[
						6117.31836,
						0,
						0
					],
					[
						6201.117,
						1,
						0
					],
					[
						6284.916,
						0,
						0
					],
					[
						6368.715,
						1,
						0
					],
					[
						6452.51367,
						0,
						0
					],
					[
						6536.313,
						1,
						0
					],
					[
						6620.112,
						0,
						0
					]
				],
				"lengthInSteps": 16,
				"mustHitSection": true
			},
			{
				"sectionNotes": [
					[
						6703.91064,
						1,
						0
					],
					[
						6787.70947,
						0,
						0
					],
					[
						6871.5083,
						1,
						0
					],
					[
						7014.66455,
						0,
						0
					],
					[
						7122.905,
						1,
						0
					],
					[
						7458.10059,
						0,
						0
					],
					[
						7793.296,
						0,
						0
					],
					[
						7807.2627,
						2,
						0
					],
					[
						7821.229,
						1,
						0
					],
					[
						7835.19531,
						3,
						0
					],
					[
						7891.06152,
						0,
						0
					],
					[
						7905.028,
						3,
						0
					],
					[
						7932.961,
						2,
						0
					],
					[
						7974.86035,
						1,
						0
					],
					[
						7988.82666,
						3,
						0
					],
					[
						8016.76,
						2,
						0
					],
					[
						8016.76,
						0,
						0
					]
				],
				"lengthInSteps": 16,
				"mustHitSection": true
			},
			{
				"sectionNotes": [
					[
						8058.659,
						1,
						0
					],
					[
						8072.62549,
						3,
						0
					],
					[
						8100.55859,
						2,
						0
					],
					[
						8100.55859,
						0,
						0
					],
					[
						8142.458,
						1,
						0
					],
					[
						8156.42432,
						3,
						0
					],
					[
						8184.35742,
						2,
						0
					],
					[
						8184.35742,
						0,
						0
					],
					[
						8226.257,
						1,
						0
					],
					[
						8240.224,
						3,
						0
					],
					[
						8268.156,
						2,
						0
					],
					[
						8268.156,
						0,
						0
					],
					[
						8310.056,
						1,
						0
					],
					[
						8324.022,
						3,
						0
					],
					[
						8351.955,
						2,
						0
					],
					[
						8351.955,
						0,
						0
					],
					[
						8393.85449,
						1,
						0
					],
					[
						8407.821,
						3,
						0
					],
					[
						8435.754,
						2,
						0
					],
					[
						8435.754,
						0,
						0
					],
					[
						8477.653,
						1,
						0
					],
					[
						8491.62,
						3,
						0
					],
					[
						8519.553,
						2,
						0
					],
					[
						8519.553,
						0,
						0
					],
					[
						8561.452,
						1,
						0
					],
					[
						8575.419,
						3,
						0
					],
					[
						8603.352,
						0,
						0
					],
					[
						8603.352,
						2,
						0
					],
					[
						8645.251,
						1,
						0
					],
					[
						8659.218,
						3,
						0
					],
					[
						8687.15,
						3,
						0
					],
					[
						8687.15,
						2,
						0
					],
					[
						8687.15,
						1,
						0
					],
					[
						8687.15,
						0,
						0
					],
					[
						8701.117,
						2,
						0
					],
					[
						8715.084,
						1,
						0
					],
					[
						8729.05,
						0,
						0
					],
					[
						8770.949,
						3,
						0
					],
					[
						8784.916,
						2,
						0
					],
					[
						8798.883,
						1,
						0
					],
					[
						8812.849,
						0,
						0
					],
					[
						8854.748,
						3,
						0
					],
					[
						8868.715,
						2,
						0
					],
					[
						8882.682,
						1,
						0
					],
					[
						8896.647,
						0,
						0
					],
					[
						8938.547,
						3,
						0
					],
					[
						8952.514,
						2,
						0
					],
					[
						8966.48,
						1,
						0
					],
					[
						8980.447,
						0,
						0
					],
					[
						9022.347,
						3,
						0
					],
					[
						9036.3125,
						2,
						0
					],
					[
						9050.279,
						1,
						0
					],
					[
						9064.246,
						0,
						0
					],
					[
						9106.14551,
						3,
						0
					],
					[
						9120.111,
						2,
						0
					],
					[
						9134.078,
						1,
						0
					],
					[
						9148.045,
						0,
						0
					],
					[
						9189.944,
						3,
						0
					],
					[
						9203.91,
						2,
						0
					],
					[
						9217.877,
						1,
						0
					],
					[
						9231.844,
						0,
						0
					],
					[
						9231.844,
						3,
						0
					],
					[
						9231.844,
						2,
						0
					],
					[
						9231.844,
						1,
						0
					],
					[
						9245.81,
						1,
						0
					],
					[
						9259.776,
						2,
						0
					],
					[
						9273.743,
						3,
						0
					],
					[
						9315.643,
						0,
						0
					],
					[
						9329.608,
						1,
						0
					],
					[
						9343.575,
						2,
						0
					],
					[
						9357.542,
						3,
						0
					]
				],
				"lengthInSteps": 16,